driverId,name,ssn,location,certified,wage-plan
10,Karen Castro,035-53-8864,"695 Jeffrey Haven Apt. 787
Lake Richard, ID 65168",N,miles
11,Brett Roberts,533-06-6343,"06893 Anthony Junction
New Matthewbury, MN 68390",Y,miles
12,Katie Wilson,731-06-5246,"9056 Sara Fields Suite 690
Hesschester, MO 53343",Y,hours
13,Maria Reed,146-09-1041,"593 Dillon Gateway Apt. 423
North Sherri, CT 71283",N,miles
14,Kyle Figueroa,778-38-7798,"71764 Johnson Trail
South Diane, NV 79351",N,miles
15,Tara Bishop,693-73-1223,"51194 Eric Green Suite 797
East Adamchester, WY 93798",N,miles
16,Tammy Adams,366-32-4538,"5769 Wright Points Suite 183
South Carlos, WV 06754",Y,miles
17,Tyler Richardson,515-26-3833,"094 Timothy Summit Apt. 016
East Joebury, NV 61699",Y,hours
18,Sara Kerr,443-12-3074,"8259 Christopher Freeway Apt. 355
West Kimberlystad, OK 94982",N,hours
19,Malik Foster,378-80-7619,"9965 Brad Keys
West Sherry, AL 56585",Y,hours
20,Miranda Richards,027-36-7033,"80233 Manning Via
Warrenville, PW 94038",Y,miles
21,Maria Perkins,133-44-2583,"9893 Jennifer Plaza Suite 080
New Nicholas, UT 82765",N,hours
22,Michael Lowery,045-78-8573,"USS Gonzalez
FPO AE 56725",N,miles
23,Karen Dorsey,850-24-2564,"Unit 9763 Box 0419
DPO AE 57688",N,hours
24,Darius Suarez,628-54-1522,"477 Romero Divide Apt. 122
North Pamela, AR 06677",N,miles
25,Cody Hayes,685-39-7263,"34511 Timothy Brook Suite 260
Randallborough, KY 10189",N,miles
26,Tiffany Jenkins,611-53-8365,"43433 Thompson Groves Suite 952
West Jackfort, FL 09013",N,hours
27,Rhonda Norman,178-17-7093,"04512 Miller Underpass
Wilsonland, ID 92215",N,hours
28,Julie Ferguson,351-79-9097,"9100 Ross Roads Suite 765
Drakeville, AK 87966",N,miles
29,Morgan Reynolds,523-36-3836,"9165 Mullen Mission
Port Patrick, NY 19451",Y,hours
30,Linda Williams,392-35-0255,"7094 Larry Passage
Lake Phillipburgh, VA 89630",Y,miles
31,Anna Lopez,868-28-3146,"8448 Myers Path
Lake Jessica, NY 68013",N,hours
32,Tracy Wilson,653-05-4170,"6904 Armstrong Plains Suite 397
Pooleport, DC 64239",N,miles
33,Juan Harris,324-43-7759,"USNS Adams
FPO AA 95752",Y,hours
34,Donald Reynolds,440-52-4524,"6909 Debbie Fords
Mcculloughburgh, AK 34557",Y,hours
35,Nathan Cox,503-20-5545,"4021 Kevin Field
Foxbury, RI 02664",Y,miles
36,Miss Kathy Solomon DVM,340-30-5100,"26875 Christopher Ferry Apt. 335
Jordanhaven, CO 61283",Y,hours
37,Martha Peters,732-49-9478,"820 Annette Springs Suite 776
South Shane, SC 46121",Y,hours
38,Anne Gomez,512-72-6329,"4125 Crawford Knoll Suite 803
Lake Cory, NE 44158",N,miles
39,Joyce Craig,772-31-4642,"7295 Kirby Port
North Michaelstad, MT 70918",Y,miles
40,Nancy Miller,609-77-2056,"4309 Jacob Plain Suite 836
New Tylermouth, OR 89904",N,miles
41,Christina Jones,246-39-9909,"77977 Stephen Place
East Jenniferstad, GA 61961",N,hours
42,Maria Marquez,834-14-9813,"0307 Chelsea Ranch Apt. 564
East Lance, ID 99457",Y,miles
43,Gregory White,606-31-3138,"646 Raymond Center
East Shanebury, TN 60761",Y,hours
44,Scott Barnes,883-47-4365,"USCGC Fields
FPO AA 72277",N,miles
45,Jacob Bailey,472-29-0923,"463 Gary Summit Apt. 301
South Christinaberg, SC 65988",N,hours
46,Sabrina Keith,697-45-7909,"2982 Michael Green
Franciscoport, NJ 66499",N,miles
47,Virginia Valenzuela,607-07-6501,"0310 Perez Oval
Lopezport, VI 87205",N,miles
48,Alex Reilly,280-98-2302,"USCGC Cooper
FPO AA 20481",Y,miles
49,Ian Fields,015-39-2636,"9465 Nancy Harbor
Kristenton, AR 81348",Y,hours
50,Ryan Davis,572-53-6460,"19094 Garrett Trafficway
Bondport, PR 18831",N,miles
51,Pamela Murray,604-20-8207,"060 Wagner Burgs
South Dianestad, OH 37292",N,hours
52,Ashley Medina,058-66-6950,"9446 Richardson Unions Apt. 246
Williamsland, DE 99357",N,miles
53,Thomas Taylor,565-13-7723,"7947 Duran Fall
Smithville, MH 32696",N,hours
54,Richard Holland,376-76-1524,"59165 Lee Lights
West Emily, GU 77669",Y,hours
55,Michael Williams,147-45-0531,"863 Jeanette Lakes
North Randy, GU 51824",Y,hours
56,Alyssa Jones,368-25-9361,"20535 Villanueva Course Suite 796
West Lisamouth, RI 02794",Y,hours
57,Robert Wright,237-69-9941,"1380 Carroll Springs
Mooreberg, NY 24529",N,hours
58,Michael Howard,623-69-6738,"9500 Harris Mews
East Ashley, MO 63211",Y,miles
59,Dawn Jackson,870-56-4393,"85054 Melinda Lake Apt. 874
South Kyle, NJ 42670",Y,miles
60,Kristina Hughes,696-50-5847,"859 Michael Mill Apt. 406
East Charlesshire, SC 47101",N,miles
61,Angela Griffin,565-41-6958,"51307 Henson Burgs Apt. 113
North Eugeneburgh, OH 89625",Y,miles
62,Dr. Christopher Aguirre,475-48-0516,"76966 Nelson Mission Suite 927
Millerchester, AR 10800",N,miles
63,April Hurley,810-90-4090,"739 Christine Shore
West Alexander, SD 43169",Y,hours
64,Angela Williams,551-47-5876,"7386 Jacobs Port Suite 739
South Toni, OH 23650",Y,hours
65,Daniel Cox,694-13-5611,"Unit 9353 Box 6183
DPO AE 38039",N,miles
66,David Johnson,417-65-4281,"9143 Black Island Apt. 644
North Austinview, NV 34961",N,miles
67,Michael Melendez,057-36-3488,"740 Timothy Alley
West Teresachester, PA 09460",N,miles
68,Elizabeth Anderson,443-77-2760,"0691 Browning Camp Suite 728
South Suzannestad, MH 97846",N,hours
69,Zachary Barnes,647-17-0809,"126 Kelly Valley Suite 719
Williamshaven, IN 16704",N,hours
70,Dawn Anderson,055-23-9395,"62699 Sanders Club
Markland, LA 13031",Y,hours
71,Nicholas Clarke,310-35-4143,"7348 Allen Run
South Josephborough, WV 12966",N,miles
72,Angelica Gibson,648-91-8833,"705 Nicole Meadows
Lake Danielle, OR 60342",N,miles
73,Doris Fuller,616-09-2148,"7834 Gregory Expressway
Alicialand, NC 42077",N,miles
74,Amber Cisneros,755-88-2725,"1917 Gonzales Lights Suite 897
Jessicachester, AL 05517",N,hours
75,Randall Johnson,644-52-6190,"904 Anderson Meadows
North Thomasberg, NH 65483",Y,miles
76,Cheryl Watkins,858-63-0504,"368 Danielle Burg
Sandersfort, MH 51194",N,miles
77,Kristen Rice,615-44-7152,"19814 Lawrence Crest
Lake Monicaborough, GU 52783",N,hours
78,Ernest Carney,185-76-1501,"5885 Larson Run
South Heatherchester, PA 80299",Y,hours
79,Christina Sanders,275-77-2945,"8910 Farmer Circle
Kyleport, KY 44747",N,miles
80,Gloria Horton,255-78-1137,"0153 Wood Stream Apt. 222
Harrisfurt, AK 67923",N,miles
81,Debbie Smith,062-51-2338,"171 Eric Skyway
Dawsonside, PA 73366",Y,miles
82,Roger Fowler,440-50-7284,"4426 Chung View
South Andrew, MH 95304",N,hours
83,Megan Davis,638-68-7451,"81983 Kevin Green Suite 765
Littleburgh, NV 95416",Y,hours
84,Justin Robbins,101-88-1124,"41872 Hood Way Suite 091
North Sarahhaven, GU 11387",Y,hours
85,Jorge Watts,134-68-2924,"00305 Jason Flat Suite 437
Juanville, UT 61792",Y,miles
86,Amanda Jackson,191-74-5104,"801 Rowe Point
Kennethstad, NM 29064",Y,miles
87,Craig Chapman,105-12-2541,"91920 Woods Island
Lake James, PW 68567",Y,miles
88,Melinda Benitez,135-71-8738,"026 Murray Court Apt. 787
Malonechester, OR 48629",N,hours
89,Melissa Mccarthy,384-38-5436,"6605 Smith Expressway
West Aprilmouth, OR 45009",Y,miles
90,Michelle May,850-26-1330,"803 Nicholas Manors Suite 793
West Amandachester, OH 17111",N,miles
91,Michelle Robinson,275-34-7400,"16274 Robinson Gateway
New Steven, ND 13876",N,miles
92,Michelle Edwards,601-69-1887,"40274 Taylor Hills Apt. 361
Friedmanton, DE 46527",N,hours
93,Lisa Frank,753-05-0562,"1221 Ernest Villages Apt. 240
Bradleyside, OK 68561",N,miles
94,Dr. Joshua Washington MD,437-50-5661,"489 Fuller Road Apt. 100
Martineztown, GA 83952",Y,hours
95,Andres Petty,210-89-3432,"743 Martin Common
Jamesview, MD 19436",Y,hours
96,Sarah Johnson,203-51-0915,"Unit 1511 Box 6104
DPO AE 86211",N,miles
97,Richard Morales,267-09-6746,"75731 Estrada Harbors
Port Michellefort, AS 93272",Y,hours
98,Michael Walker,221-18-7711,"80996 Lisa Views
Goodmanfurt, WA 85820",N,hours
99,Ashley Caldwell,136-02-4883,"Unit 3393 Box 7856
DPO AA 45530",Y,hours
100,Jane Williams,752-10-3107,"3816 Thomas Ville
Wilsonshire, ME 99690",N,miles
101,Shannon Jennings,244-87-7689,"5290 Brown Brooks
Laurafurt, AK 95641",N,miles
102,Justin Taylor,344-94-8969,"1175 Conner Drive
Jacksonport, PW 45838",N,hours
103,Amy Russell,579-10-8610,"69018 Acosta Cape
West Laura, AR 52054",Y,miles
104,Carrie Fuller,260-60-3528,"4269 Gonzalez Prairie Suite 104
East Manuelville, WA 25586",N,hours
105,Jennifer Miller,880-36-2929,"934 Peter Fords
Justinberg, IA 13792",N,miles
106,Emily Barnes,036-37-7158,"726 Ellis Hills Suite 180
North Phillipview, KS 86024",Y,hours
107,Kevin Wiggins,050-20-0883,"1254 Steven Estate
West Melissa, ID 07556",N,miles
108,Leslie Mitchell,672-74-4457,"078 Jennifer Neck
Ingramchester, LA 88652",N,miles
109,Erica Roberts,425-44-8456,"3730 Schneider Summit Apt. 761
New Kevin, TX 47154",N,miles
